<?xml version="1.0" encoding="UTF-8"?>
<project-private xmlns="http://www.netbeans.org/ns/project-private/1">
    <editor-bookmarks xmlns="http://www.netbeans.org/ns/editor-bookmarks/2" lastBookmarkId="0"/>
    <open-files xmlns="http://www.netbeans.org/ns/projectui-open-files/2">
        <group>
            <file>file:/C:/MPlab_Digital2/Digital_2/Proyecto2Digital2.X/main.c</file>
            <file>file:/C:/MPlab_Digital2/Digital_2/Proyecto2Digital2.X/I2C.c</file>
            <file>file:/C:/MPlab_Digital2/Digital_2/Proyecto2Digital2.X/I2C.h</file>
            <file>file:/C:/MPlab_Digital2/Digital_2/Proyecto2Digital2.X/usart9600.c</file>
            <file>file:/C:/MPlab_Digital2/Digital_2/Proyecto2Digital2.X/TablaACSII_HEX.c</file>
        </group>
    </open-files>
</project-private>
